[{"model": "User.user", "pk": 1, "fields": {"password": "pbkdf2_sha256$150000$jackie$jK8kNPsNfI1+wm/JpPnJa1mNr51sHnFVOcPZaIbJcH8=", "last_login": "2020-06-09T09:18:55.208", "is_superuser": true, "username": "jackie", "first_name": " ", "last_name": " ", "email": "jackie.h.zhou@mail.foxocnn.com", "is_staff": true, "is_active": true, "date_joined": "2020-06-04T13:53:24.572", "create_time": "2020-06-04T13:53:24.698", "update_time": "2020-06-09T09:18:55.208", "is_delete": false, "user_id_six": "123456", "phone_number": "18565700153", "groups": [], "user_permissions": []}}, {"model": "User.user", "pk": 2, "fields": {"password": "pbkdf2_sha256$150000$admin$rHCEm45iy0F69gtXVPfBkSQ0Y5ubeAvCxGmb2M5QokM=", "last_login": "2020-06-09T09:55:51.774", "is_superuser": false, "username": "admin", "first_name": " ", "last_name": " ", "email": "jackie.h.zhou@mail.foxocnn.com", "is_staff": false, "is_active": true, "date_joined": "2020-06-04T14:56:59.720", "create_time": "2020-06-04T14:56:59.830", "update_time": "2020-06-09T09:55:51.774", "is_delete": false, "user_id_six": "654321", "phone_number": "15083507126", "groups": [], "user_permissions": []}}, {"model": "User.user", "pk": 3, "fields": {"password": "pbkdf2_sha256$150000$admin2$zJ5KC7ns4YTlNu2FhrXlwjR4ljhaLZEMP+zDleqot+E=", "last_login": "2020-06-09T09:55:45.951", "is_superuser": false, "username": "admin2", "first_name": "", "last_name": "", "email": "jackie.h.zhou@mail.foxocnn.com", "is_staff": false, "is_active": true, "date_joined": "2020-06-09T09:39:09.229", "create_time": "2020-06-09T09:39:09.354", "update_time": "2020-06-09T09:55:45.951", "is_delete": false, "user_id_six": "123458", "phone_number": "18888888888", "groups": [], "user_permissions": []}}, {"model": "User.user", "pk": 4, "fields": {"password": "pbkdf2_sha256$150000$carll$gvOykPT5fiG/Ncf/tRmvImIo61rj7xlBKwIG/aDGC50=", "last_login": null, "is_superuser": true, "username": "carll", "first_name": "", "last_name": "", "email": "jackie.h.zhou@mail.foxocnn.com", "is_staff": true, "is_active": true, "date_joined": "2020-06-18T16:31:59.847", "create_time": "2020-06-18T16:31:59.972", "update_time": "2020-06-18T16:32:00.300", "is_delete": false, "user_id_six": "123456", "phone_number": "", "groups": [], "user_permissions": []}}]